{"cameraMode":{"drawMode":0,"name":"Shaded","section":"Shading Mode"},"sceneLighting":true,"audioPlay":false,"sceneViewState":{"m_AlwaysRefresh":false,"showFog":true,"showSkybox":true,"showFlares":true,"showImageEffects":true,"showParticleSystems":true,"showVisualEffectGraphs":true,"m_FxEnabled":true},"in2DMode":false,"pivot":{"x":13.90215015411377,"y":-19.235733032226564,"z":12.820873260498047},"rotation":{"x":0.3246638774871826,"y":-0.23657676577568055,"z":0.08419395238161087,"w":0.9119624495506287},"size":44.583412170410159,"orthographic":false}