{"cameraMode":{"drawMode":0,"name":"Shaded","section":"Shading Mode"},"sceneLighting":true,"audioPlay":false,"sceneViewState":{"m_AlwaysRefresh":false,"showFog":true,"showSkybox":true,"showFlares":true,"showImageEffects":true,"showParticleSystems":true,"showVisualEffectGraphs":true,"m_FxEnabled":true},"in2DMode":false,"pivot":{"x":48.624122619628909,"y":-3.9846878051757814,"z":0.9534416198730469},"rotation":{"x":0.4251147210597992,"y":-0.022563055157661439,"z":0.010556577704846859,"w":0.9048566222190857},"size":43.10862731933594,"orthographic":false}