{"cameraMode":{"drawMode":0,"name":"Shaded","section":"Shading Mode"},"sceneLighting":true,"audioPlay":false,"sceneViewState":{"m_AlwaysRefresh":false,"showFog":true,"showSkybox":true,"showFlares":true,"showImageEffects":true,"showParticleSystems":true,"showVisualEffectGraphs":true,"m_FxEnabled":true},"in2DMode":false,"pivot":{"x":15.234996795654297,"y":7.091425895690918,"z":-13.376923561096192},"rotation":{"x":0.3112426996231079,"y":-0.013132533989846707,"z":0.004276526626199484,"w":0.950303852558136},"size":17.001846313476564,"orthographic":false}